{"cameraMode":{"drawMode":0,"name":"Shaded","section":"Shading Mode"},"sceneLighting":false,"audioPlay":false,"sceneViewState":{"showFog":true,"showMaterialUpdate":true,"showSkybox":true,"showFlares":true,"showImageEffects":true,"showParticleSystems":true},"in2DMode":false,"pivot":{"x":8.556286811828614,"y":-16.221059799194337,"z":14.53724479675293},"rotation":{"x":-0.4473153352737427,"y":-0.21304211020469666,"z":0.11060722172260285,"w":-0.8615614771842957},"size":22.0,"orthographic":false}