{"cameraMode":{"drawMode":0,"name":"Shaded","section":"Shading Mode"},"sceneLighting":false,"audioPlay":false,"sceneViewState":{"showFog":true,"showMaterialUpdate":true,"showSkybox":true,"showFlares":true,"showImageEffects":true,"showParticleSystems":true},"in2DMode":false,"pivot":{"x":32.73040771484375,"y":-26.626832962036134,"z":15.32513427734375},"rotation":{"x":-0.2759849727153778,"y":-0.5025296807289124,"z":0.17318417131900788,"w":-0.8008142709732056},"size":49.82890319824219,"orthographic":false}