{"cameraMode":{"drawMode":0,"name":"Shaded","section":"Shading Mode"},"sceneLighting":true,"audioPlay":false,"sceneViewState":{"showFog":true,"showMaterialUpdate":true,"showSkybox":true,"showFlares":true,"showImageEffects":true,"showParticleSystems":true},"in2DMode":false,"pivot":{"x":-10.710654258728028,"y":-19.143957138061525,"z":10.723795890808106},"rotation":{"x":0.4283444881439209,"y":0.033883173018693927,"z":-0.016076471656560899,"w":0.9028369784355164},"size":47.35062789916992,"orthographic":false}